{
    "accuracy": 0.9699309004534657,
    "precision": 0.9698656243208545,
    "recall": 0.9699309004534657,
    "f1_score": 0.9698933093838116
}
