{
    "accuracy": 0.9678795076657309,
    "precision": 0.9677932566219558,
    "recall": 0.9678795076657309,
    "f1_score": 0.9678284073684456
}
